"B25003_001E","B25003_001M","B25003_002E","B25003_002M","B25003_003E","B25003_003M","GEO_ID","NAME"
"Estimate!!Total:","Margin of Error!!Total:","Estimate!!Total:!!Owner occupied","Margin of Error!!Total:!!Owner occupied","Estimate!!Total:!!Renter occupied","Margin of Error!!Total:!!Renter occupied","id","Geographic Area Name"
"904","55","287","67","617","78","1400000US13063040202","Census Tract 402.02, Clayton County, Georgia"
"1569","103","506","117","1063","146","1400000US13063040203","Census Tract 402.03, Clayton County, Georgia"
"1904","121","439","113","1465","162","1400000US13063040204","Census Tract 402.04, Clayton County, Georgia"
"1951","165","671","148","1280","176","1400000US13063040302","Census Tract 403.02, Clayton County, Georgia"
"2417","213","1179","189","1238","262","1400000US13063040303","Census Tract 403.03, Clayton County, Georgia"
"1369","137","85","64","1284","156","1400000US13063040306","Census Tract 403.06, Clayton County, Georgia"
"1463","115","852","126","611","132","1400000US13063040307","Census Tract 403.07, Clayton County, Georgia"
"1655","158","481","84","1174","156","1400000US13063040308","Census Tract 403.08, Clayton County, Georgia"
"1250","88","805","120","445","107","1400000US13063040407","Census Tract 404.07, Clayton County, Georgia"
"2234","259","1023","182","1211","193","1400000US13063040408","Census Tract 404.08, Clayton County, Georgia"
"1864","149","1089","138","775","166","1400000US13063040409","Census Tract 404.09, Clayton County, Georgia"
"2346","184","1554","239","792","255","1400000US13063040410","Census Tract 404.10, Clayton County, Georgia"
"4357","319","3642","399","715","318","1400000US13063040411","Census Tract 404.11, Clayton County, Georgia"
"2964","248","1056","213","1908","305","1400000US13063040412","Census Tract 404.12, Clayton County, Georgia"
"2418","167","1484","229","934","230","1400000US13063040413","Census Tract 404.13, Clayton County, Georgia"
"592","51","226","49","366","72","1400000US13063040414","Census Tract 404.14, Clayton County, Georgia"
"2343","197","320","132","2023","183","1400000US13063040415","Census Tract 404.15, Clayton County, Georgia"
"1090","117","578","131","512","142","1400000US13063040416","Census Tract 404.16, Clayton County, Georgia"
"1957","141","315","109","1642","173","1400000US13063040417","Census Tract 404.17, Clayton County, Georgia"
"1626","102","1165","141","461","154","1400000US13063040509","Census Tract 405.09, Clayton County, Georgia"
"1270","106","531","124","739","124","1400000US13063040510","Census Tract 405.10, Clayton County, Georgia"
"2005","182","943","136","1062","178","1400000US13063040512","Census Tract 405.12, Clayton County, Georgia"
"1620","115","1189","126","431","124","1400000US13063040513","Census Tract 405.13, Clayton County, Georgia"
"2616","156","1111","199","1505","223","1400000US13063040514","Census Tract 405.14, Clayton County, Georgia"
"2713","176","1084","225","1629","244","1400000US13063040515","Census Tract 405.15, Clayton County, Georgia"
"2081","223","1116","207","965","229","1400000US13063040516","Census Tract 405.16, Clayton County, Georgia"
"1697","107","695","148","1002","146","1400000US13063040518","Census Tract 405.18, Clayton County, Georgia"
"2369","114","0","13","2369","114","1400000US13063040519","Census Tract 405.19, Clayton County, Georgia"
"1839","108","279","98","1560","134","1400000US13063040520","Census Tract 405.20, Clayton County, Georgia"
"1082","78","530","108","552","109","1400000US13063040521","Census Tract 405.21, Clayton County, Georgia"
"1807","140","631","145","1176","155","1400000US13063040522","Census Tract 405.22, Clayton County, Georgia"
"1092","116","523","112","569","116","1400000US13063040523","Census Tract 405.23, Clayton County, Georgia"
"2677","132","1173","202","1504","232","1400000US13063040524","Census Tract 405.24, Clayton County, Georgia"
"1046","47","703","90","343","90","1400000US13063040525","Census Tract 405.25, Clayton County, Georgia"
"2324","115","1258","256","1066","268","1400000US13063040526","Census Tract 405.26, Clayton County, Georgia"
"1002","145","775","119","227","101","1400000US13063040606","Census Tract 406.06, Clayton County, Georgia"
"4173","282","3339","303","834","253","1400000US13063040608","Census Tract 406.08, Clayton County, Georgia"
"2161","177","1440","181","721","210","1400000US13063040609","Census Tract 406.09, Clayton County, Georgia"
"2194","211","563","142","1631","226","1400000US13063040611","Census Tract 406.11, Clayton County, Georgia"
"2013","148","775","132","1238","177","1400000US13063040612","Census Tract 406.12, Clayton County, Georgia"
"2746","176","2090","158","656","180","1400000US13063040613","Census Tract 406.13, Clayton County, Georgia"
"1794","113","1518","111","276","90","1400000US13063040614","Census Tract 406.14, Clayton County, Georgia"
"629","44","446","71","183","66","1400000US13063040615","Census Tract 406.15, Clayton County, Georgia"
"3016","215","784","177","2232","244","1400000US13063040616","Census Tract 406.16, Clayton County, Georgia"
"354","44","181","50","173","55","1400000US13063040617","Census Tract 406.17, Clayton County, Georgia"
"760","70","557","77","203","74","1400000US13063040619","Census Tract 406.19, Clayton County, Georgia"
"1354","88","1156","118","198","89","1400000US13063040620","Census Tract 406.20, Clayton County, Georgia"
"3274","147","2199","250","1075","229","1400000US13063040621","Census Tract 406.21, Clayton County, Georgia"
"2298","156","1332","237","966","216","1400000US13063040622","Census Tract 406.22, Clayton County, Georgia"
"0","13","0","13","0","13","1400000US13063980000","Census Tract 9800, Clayton County, Georgia"
"2746","112","2188","222","558","186","1400000US13067030101","Census Tract 301.01, Cobb County, Georgia"
"3205","187","2594","277","611","203","1400000US13067030103","Census Tract 301.03, Cobb County, Georgia"
"1512","120","782","128","730","118","1400000US13067030104","Census Tract 301.04, Cobb County, Georgia"
"2628","174","1428","199","1200","227","1400000US13067030106","Census Tract 301.06, Cobb County, Georgia"
"1692","78","1489","117","203","92","1400000US13067030107","Census Tract 301.07, Cobb County, Georgia"
"2588","98","2364","130","224","103","1400000US13067030209","Census Tract 302.09, Cobb County, Georgia"
"2950","125","2424","175","526","130","1400000US13067030214","Census Tract 302.14, Cobb County, Georgia"
"3189","179","2649","207","540","144","1400000US13067030215","Census Tract 302.15, Cobb County, Georgia"
"1662","118","1606","114","56","41","1400000US13067030218","Census Tract 302.18, Cobb County, Georgia"
"3301","94","3120","127","181","107","1400000US13067030219","Census Tract 302.19, Cobb County, Georgia"
"581","40","517","46","64","33","1400000US13067030220","Census Tract 302.20, Cobb County, Georgia"
"2030","66","1710","115","320","94","1400000US13067030222","Census Tract 302.22, Cobb County, Georgia"
"2386","125","1343","195","1043","211","1400000US13067030223","Census Tract 302.23, Cobb County, Georgia"
"2317","163","1701","167","616","214","1400000US13067030224","Census Tract 302.24, Cobb County, Georgia"
"4034","166","2715","248","1319","231","1400000US13067030226","Census Tract 302.26, Cobb County, Georgia"
"3098","240","1875","221","1223","190","1400000US13067030227","Census Tract 302.27, Cobb County, Georgia"
"3488","185","1137","206","2351","192","1400000US13067030228","Census Tract 302.28, Cobb County, Georgia"
"1353","112","591","90","762","123","1400000US13067030229","Census Tract 302.29, Cobb County, Georgia"
"5181","334","2908","310","2273","371","1400000US13067030230","Census Tract 302.30, Cobb County, Georgia"
"2912","148","2748","162","164","93","1400000US13067030231","Census Tract 302.31, Cobb County, Georgia"
"2161","98","2038","118","123","70","1400000US13067030232","Census Tract 302.32, Cobb County, Georgia"
"1565","65","1443","93","122","62","1400000US13067030233","Census Tract 302.33, Cobb County, Georgia"
"2147","85","2068","96","79","56","1400000US13067030234","Census Tract 302.34, Cobb County, Georgia"
"1653","79","1606","83","47","35","1400000US13067030235","Census Tract 302.35, Cobb County, Georgia"
"1474","81","1383","94","91","87","1400000US13067030236","Census Tract 302.36, Cobb County, Georgia"
"2047","90","1877","139","170","145","1400000US13067030238","Census Tract 302.38, Cobb County, Georgia"
"2612","127","2469","123","143","87","1400000US13067030239","Census Tract 302.39, Cobb County, Georgia"
"2731","170","2015","229","716","217","1400000US13067030310","Census Tract 303.10, Cobb County, Georgia"
"2171","130","1952","185","219","128","1400000US13067030311","Census Tract 303.11, Cobb County, Georgia"
"2504","103","2060","154","444","144","1400000US13067030312","Census Tract 303.12, Cobb County, Georgia"
"3019","164","2551","235","468","152","1400000US13067030313","Census Tract 303.13, Cobb County, Georgia"
"2607","124","2296","162","311","149","1400000US13067030314","Census Tract 303.14, Cobb County, Georgia"
"2776","164","2591","162","185","110","1400000US13067030318","Census Tract 303.18, Cobb County, Georgia"
"1762","38","1589","91","173","75","1400000US13067030319","Census Tract 303.19, Cobb County, Georgia"
"3476","203","2269","184","1207","209","1400000US13067030320","Census Tract 303.20, Cobb County, Georgia"
"1194","63","1057","81","137","71","1400000US13067030322","Census Tract 303.22, Cobb County, Georgia"
"1225","64","1030","94","195","88","1400000US13067030324","Census Tract 303.24, Cobb County, Georgia"
"1449","84","1373","96","76","60","1400000US13067030326","Census Tract 303.26, Cobb County, Georgia"
"1679","62","1533","80","146","62","1400000US13067030327","Census Tract 303.27, Cobb County, Georgia"
"2380","39","2203","116","177","113","1400000US13067030328","Census Tract 303.28, Cobb County, Georgia"
"1669","42","1433","99","236","87","1400000US13067030329","Census Tract 303.29, Cobb County, Georgia"
"2018","108","1886","128","132","76","1400000US13067030330","Census Tract 303.30, Cobb County, Georgia"
"1983","67","1880","78","103","54","1400000US13067030331","Census Tract 303.31, Cobb County, Georgia"
"1118","36","1008","69","110","62","1400000US13067030332","Census Tract 303.32, Cobb County, Georgia"
"2156","104","2016","118","140","80","1400000US13067030333","Census Tract 303.33, Cobb County, Georgia"
"1258","57","1108","81","150","77","1400000US13067030334","Census Tract 303.34, Cobb County, Georgia"
"1740","59","1625","82","115","77","1400000US13067030335","Census Tract 303.35, Cobb County, Georgia"
"2391","73","2337","95","54","65","1400000US13067030336","Census Tract 303.36, Cobb County, Georgia"
"1587","94","1520","87","67","37","1400000US13067030337","Census Tract 303.37, Cobb County, Georgia"
"3485","161","476","92","3009","186","1400000US13067030339","Census Tract 303.39, Cobb County, Georgia"
"1246","66","1219","67","27","22","1400000US13067030340","Census Tract 303.40, Cobb County, Georgia"
"1544","49","1419","72","125","58","1400000US13067030341","Census Tract 303.41, Cobb County, Georgia"
"1686","29","1582","55","104","50","1400000US13067030342","Census Tract 303.42, Cobb County, Georgia"
"1536","64","1490","74","46","52","1400000US13067030343","Census Tract 303.43, Cobb County, Georgia"
"2006","125","237","67","1769","144","1400000US13067030344","Census Tract 303.44, Cobb County, Georgia"
"2770","203","470","137","2300","216","1400000US13067030345","Census Tract 303.45, Cobb County, Georgia"
"2961","115","973","159","1988","175","1400000US13067030405","Census Tract 304.05, Cobb County, Georgia"
"1968","77","1391","112","577","119","1400000US13067030407","Census Tract 304.07, Cobb County, Georgia"
"1343","96","830","96","513","108","1400000US13067030408","Census Tract 304.08, Cobb County, Georgia"
"1195","62","1154","78","41","40","1400000US13067030409","Census Tract 304.09, Cobb County, Georgia"
"2112","139","980","127","1132","185","1400000US13067030410","Census Tract 304.10, Cobb County, Georgia"
"870","110","135","61","735","130","1400000US13067030411","Census Tract 304.11, Cobb County, Georgia"
"1935","113","298","85","1637","126","1400000US13067030412","Census Tract 304.12, Cobb County, Georgia"
"2545","158","329","103","2216","183","1400000US13067030413","Census Tract 304.13, Cobb County, Georgia"
"1461","84","0","13","1461","84","1400000US13067030414","Census Tract 304.14, Cobb County, Georgia"
"2646","139","2153","200","493","148","1400000US13067030502","Census Tract 305.02, Cobb County, Georgia"
"2390","139","1674","221","716","201","1400000US13067030504","Census Tract 305.04, Cobb County, Georgia"
"3012","168","573","128","2439","168","1400000US13067030505","Census Tract 305.05, Cobb County, Georgia"
"1879","105","874","108","1005","136","1400000US13067030506","Census Tract 305.06, Cobb County, Georgia"
"1942","61","1674","109","268","96","1400000US13067030507","Census Tract 305.07, Cobb County, Georgia"
"4499","231","1215","319","3284","363","1400000US13067030601","Census Tract 306.01, Cobb County, Georgia"
"3117","210","2021","198","1096","219","1400000US13067030602","Census Tract 306.02, Cobb County, Georgia"
"1885","142","748","115","1137","132","1400000US13067030700","Census Tract 307, Cobb County, Georgia"
"1510","152","557","124","953","151","1400000US13067030800","Census Tract 308, Cobb County, Georgia"
"3261","184","2129","183","1132","209","1400000US13067030901","Census Tract 309.01, Cobb County, Georgia"
"2314","193","1150","200","1164","201","1400000US13067030902","Census Tract 309.02, Cobb County, Georgia"
"2557","183","1066","212","1491","225","1400000US13067030904","Census Tract 309.04, Cobb County, Georgia"
"2153","80","1643","187","510","192","1400000US13067030905","Census Tract 309.05, Cobb County, Georgia"
"1887","134","460","88","1427","147","1400000US13067031001","Census Tract 310.01, Cobb County, Georgia"
"3279","196","881","175","2398","214","1400000US13067031002","Census Tract 310.02, Cobb County, Georgia"
"3001","149","943","181","2058","197","1400000US13067031004","Census Tract 310.04, Cobb County, Georgia"
"1637","93","1221","136","416","120","1400000US13067031005","Census Tract 310.05, Cobb County, Georgia"
"2107","134","888","126","1219","155","1400000US13067031101","Census Tract 311.01, Cobb County, Georgia"
"3171","150","2364","266","807","229","1400000US13067031106","Census Tract 311.06, Cobb County, Georgia"
"2637","209","1246","203","1391","245","1400000US13067031108","Census Tract 311.08, Cobb County, Georgia"
"1368","98","858","117","510","125","1400000US13067031110","Census Tract 311.10, Cobb County, Georgia"
"1959","119","1354","150","605","132","1400000US13067031111","Census Tract 311.11, Cobb County, Georgia"
"2378","174","1686","205","692","174","1400000US13067031112","Census Tract 311.12, Cobb County, Georgia"
"744","65","115","33","629","69","1400000US13067031113","Census Tract 311.13, Cobb County, Georgia"
"3692","219","739","176","2953","242","1400000US13067031114","Census Tract 311.14, Cobb County, Georgia"
"1720","132","1173","141","547","134","1400000US13067031115","Census Tract 311.15, Cobb County, Georgia"
"1761","242","883","191","878","211","1400000US13067031116","Census Tract 311.16, Cobb County, Georgia"
"2238","94","1727","119","511","110","1400000US13067031117","Census Tract 311.17, Cobb County, Georgia"
"2412","144","1583","182","829","190","1400000US13067031118","Census Tract 311.18, Cobb County, Georgia"
"2865","169","1503","198","1362","212","1400000US13067031205","Census Tract 312.05, Cobb County, Georgia"
"5361","243","2488","317","2873","343","1400000US13067031206","Census Tract 312.06, Cobb County, Georgia"
"2690","189","690","168","2000","218","1400000US13067031207","Census Tract 312.07, Cobb County, Georgia"
"3082","195","979","196","2103","275","1400000US13067031208","Census Tract 312.08, Cobb County, Georgia"
"1823","90","1603","108","220","85","1400000US13067031209","Census Tract 312.09, Cobb County, Georgia"
"2523","201","766","153","1757","219","1400000US13067031211","Census Tract 312.11, Cobb County, Georgia"
"1012","42","967","48","45","32","1400000US13067031212","Census Tract 312.12, Cobb County, Georgia"
"1548","68","936","147","612","152","1400000US13067031306","Census Tract 313.06, Cobb County, Georgia"
"2300","145","1890","180","410","166","1400000US13067031307","Census Tract 313.07, Cobb County, Georgia"
"1827","110","983","183","844","152","1400000US13067031308","Census Tract 313.08, Cobb County, Georgia"
"2430","194","1740","224","690","187","1400000US13067031309","Census Tract 313.09, Cobb County, Georgia"
"2706","175","743","207","1963","239","1400000US13067031310","Census Tract 313.10, Cobb County, Georgia"
"3527","215","1400","218","2127","252","1400000US13067031311","Census Tract 313.11, Cobb County, Georgia"
"3734","236","2959","270","775","255","1400000US13067031312","Census Tract 313.12, Cobb County, Georgia"
"4087","148","3277","202","810","197","1400000US13067031313","Census Tract 313.13, Cobb County, Georgia"
"2164","163","1662","206","502","185","1400000US13067031404","Census Tract 314.04, Cobb County, Georgia"
"3067","146","2157","251","910","210","1400000US13067031405","Census Tract 314.05, Cobb County, Georgia"
"3295","193","998","217","2297","264","1400000US13067031406","Census Tract 314.06, Cobb County, Georgia"
"2461","242","1514","276","947","270","1400000US13067031408","Census Tract 314.08, Cobb County, Georgia"
"2313","161","1670","166","643","167","1400000US13067031409","Census Tract 314.09, Cobb County, Georgia"
"3257","176","2542","272","715","236","1400000US13067031503","Census Tract 315.03, Cobb County, Georgia"
"2244","201","1657","258","587","176","1400000US13067031505","Census Tract 315.05, Cobb County, Georgia"
"1986","120","1471","164","515","135","1400000US13067031506","Census Tract 315.06, Cobb County, Georgia"
"1139","104","853","103","286","89","1400000US13067031507","Census Tract 315.07, Cobb County, Georgia"
"2128","107","1805","135","323","108","1400000US13067031508","Census Tract 315.08, Cobb County, Georgia"
"3581","182","2980","270","601","210","1400000US13067031509","Census Tract 315.09, Cobb County, Georgia"
"737","47","550","51","187","46","1400000US13089020100","Census Tract 201, DeKalb County, Georgia"
"983","114","571","94","412","96","1400000US13089020200","Census Tract 202, DeKalb County, Georgia"
"1675","75","1264","119","411","120","1400000US13089020300","Census Tract 203, DeKalb County, Georgia"
"1245","79","841","112","404","108","1400000US13089020400","Census Tract 204, DeKalb County, Georgia"
"1513","150","817","124","696","145","1400000US13089020500","Census Tract 205, DeKalb County, Georgia"
"963","94","454","86","509","94","1400000US13089020600","Census Tract 206, DeKalb County, Georgia"
"1058","92","717","97","341","66","1400000US13089020700","Census Tract 207, DeKalb County, Georgia"
"1046","85","831","85","215","73","1400000US13089020801","Census Tract 208.01, DeKalb County, Georgia"
"1736","129","1124","128","612","126","1400000US13089020802","Census Tract 208.02, DeKalb County, Georgia"
"2742","209","1849","209","893","168","1400000US13089020900","Census Tract 209, DeKalb County, Georgia"
"1468","90","1311","104","157","67","1400000US13089021101","Census Tract 211.01, DeKalb County, Georgia"
"3203","197","1813","166","1390","215","1400000US13089021102","Census Tract 211.02, DeKalb County, Georgia"
"3355","170","2531","199","824","179","1400000US13089021202","Census Tract 212.02, DeKalb County, Georgia"
"780","102","0","13","780","102","1400000US13089021204","Census Tract 212.04, DeKalb County, Georgia"
"1942","133","1161","147","781","141","1400000US13089021208","Census Tract 212.08, DeKalb County, Georgia"
"3492","225","1518","187","1974","268","1400000US13089021209","Census Tract 212.09, DeKalb County, Georgia"
"1987","101","1939","125","48","65","1400000US13089021210","Census Tract 212.10, DeKalb County, Georgia"
"2044","85","1952","87","92","61","1400000US13089021211","Census Tract 212.11, DeKalb County, Georgia"
"1205","63","1186","71","19","22","1400000US13089021213","Census Tract 212.13, DeKalb County, Georgia"
"2181","72","2160","73","21","31","1400000US13089021214","Census Tract 212.14, DeKalb County, Georgia"
"2638","203","795","104","1843","212","1400000US13089021215","Census Tract 212.15, DeKalb County, Georgia"
"4112","348","842","169","3270","381","1400000US13089021216","Census Tract 212.16, DeKalb County, Georgia"
"950","59","680","62","270","56","1400000US13089021217","Census Tract 212.17, DeKalb County, Georgia"
"3450","233","1290","199","2160","220","1400000US13089021218","Census Tract 212.18, DeKalb County, Georgia"
"1720","154","251","80","1469","151","1400000US13089021301","Census Tract 213.01, DeKalb County, Georgia"
"1695","115","682","101","1013","129","1400000US13089021303","Census Tract 213.03, DeKalb County, Georgia"
"1492","102","565","68","927","108","1400000US13089021305","Census Tract 213.05, DeKalb County, Georgia"
"1941","178","619","135","1322","172","1400000US13089021306","Census Tract 213.06, DeKalb County, Georgia"
"1245","110","713","113","532","106","1400000US13089021307","Census Tract 213.07, DeKalb County, Georgia"
"1523","141","714","128","809","139","1400000US13089021308","Census Tract 213.08, DeKalb County, Georgia"
"2281","140","1670","166","611","128","1400000US13089021405","Census Tract 214.05, DeKalb County, Georgia"
"1339","109","110","46","1229","117","1400000US13089021409","Census Tract 214.09, DeKalb County, Georgia"
"2062","122","786","98","1276","130","1400000US13089021410","Census Tract 214.10, DeKalb County, Georgia"
"1788","133","684","96","1104","130","1400000US13089021411","Census Tract 214.11, DeKalb County, Georgia"
"1405","124","1124","93","281","113","1400000US13089021412","Census Tract 214.12, DeKalb County, Georgia"
"1246","113","221","67","1025","128","1400000US13089021413","Census Tract 214.13, DeKalb County, Georgia"
"1646","127","207","56","1439","128","1400000US13089021414","Census Tract 214.14, DeKalb County, Georgia"
"1703","122","872","99","831","100","1400000US13089021415","Census Tract 214.15, DeKalb County, Georgia"
"855","96","492","85","363","84","1400000US13089021416","Census Tract 214.16, DeKalb County, Georgia"
"2151","177","254","114","1897","183","1400000US13089021417","Census Tract 214.17, DeKalb County, Georgia"
"2418","169","980","128","1438","179","1400000US13089021502","Census Tract 215.02, DeKalb County, Georgia"
"1516","123","651","85","865","112","1400000US13089021503","Census Tract 215.03, DeKalb County, Georgia"
"2514","184","838","134","1676","166","1400000US13089021504","Census Tract 215.04, DeKalb County, Georgia"
"1858","150","1308","130","550","137","1400000US13089021602","Census Tract 216.02, DeKalb County, Georgia"
"2511","151","1008","187","1503","205","1400000US13089021603","Census Tract 216.03, DeKalb County, Georgia"
"1261","55","1144","69","117","54","1400000US13089021604","Census Tract 216.04, DeKalb County, Georgia"
"2589","162","1016","115","1573","160","1400000US13089021605","Census Tract 216.05, DeKalb County, Georgia"
"1764","79","1625","79","139","62","1400000US13089021703","Census Tract 217.03, DeKalb County, Georgia"
"2245","170","1724","173","521","155","1400000US13089021704","Census Tract 217.04, DeKalb County, Georgia"
"2117","204","894","163","1223","195","1400000US13089021705","Census Tract 217.05, DeKalb County, Georgia"
"2325","231","1555","171","770","192","1400000US13089021706","Census Tract 217.06, DeKalb County, Georgia"
"2605","165","1833","189","772","179","1400000US13089021805","Census Tract 218.05, DeKalb County, Georgia"
"2517","174","1350","170","1167","185","1400000US13089021806","Census Tract 218.06, DeKalb County, Georgia"
"1634","96","1135","105","499","101","1400000US13089021808","Census Tract 218.08, DeKalb County, Georgia"
"2687","184","2389","222","298","105","1400000US13089021809","Census Tract 218.09, DeKalb County, Georgia"
"2708","156","1672","160","1036","162","1400000US13089021810","Census Tract 218.10, DeKalb County, Georgia"
"858","65","627","69","231","68","1400000US13089021812","Census Tract 218.12, DeKalb County, Georgia"
"1180","76","6","10","1174","77","1400000US13089021813","Census Tract 218.13, DeKalb County, Georgia"
"2321","166","1003","155","1318","197","1400000US13089021814","Census Tract 218.14, DeKalb County, Georgia"
"1875","169","1103","194","772","132","1400000US13089021906","Census Tract 219.06, DeKalb County, Georgia"
"3567","208","2329","243","1238","234","1400000US13089021907","Census Tract 219.07, DeKalb County, Georgia"
"2022","163","682","152","1340","190","1400000US13089021908","Census Tract 219.08, DeKalb County, Georgia"
"2694","187","847","171","1847","206","1400000US13089021909","Census Tract 219.09, DeKalb County, Georgia"
"2199","147","1154","167","1045","186","1400000US13089021910","Census Tract 219.10, DeKalb County, Georgia"
"777","122","99","58","678","142","1400000US13089021911","Census Tract 219.11, DeKalb County, Georgia"
"1447","97","1402","104","45","26","1400000US13089021912","Census Tract 219.12, DeKalb County, Georgia"
"1977","196","93","49","1884","192","1400000US13089021913","Census Tract 219.13, DeKalb County, Georgia"
"1968","112","1251","139","717","138","1400000US13089022001","Census Tract 220.01, DeKalb County, Georgia"
"1597","108","1153","126","444","101","1400000US13089022004","Census Tract 220.04, DeKalb County, Georgia"
"1751","90","560","105","1191","115","1400000US13089022005","Census Tract 220.05, DeKalb County, Georgia"
"1104","107","64","33","1040","101","1400000US13089022007","Census Tract 220.07, DeKalb County, Georgia"
"2271","147","421","147","1850","187","1400000US13089022008","Census Tract 220.08, DeKalb County, Georgia"
"1831","172","169","75","1662","156","1400000US13089022009","Census Tract 220.09, DeKalb County, Georgia"
"652","40","405","59","247","60","1400000US13089022010","Census Tract 220.10, DeKalb County, Georgia"
"1475","120","614","106","861","136","1400000US13089022100","Census Tract 221, DeKalb County, Georgia"
"1170","86","235","60","935","101","1400000US13089022203","Census Tract 222.03, DeKalb County, Georgia"
"2809","231","1013","183","1796","248","1400000US13089022204","Census Tract 222.04, DeKalb County, Georgia"
"3075","158","1809","218","1266","218","1400000US13089022301","Census Tract 223.01, DeKalb County, Georgia"
"2052","70","1141","131","911","125","1400000US13089022302","Census Tract 223.02, DeKalb County, Georgia"
"1847","140","1163","142","684","148","1400000US13089022401","Census Tract 224.01, DeKalb County, Georgia"
"1103","107","48","21","1055","114","1400000US13089022402","Census Tract 224.02, DeKalb County, Georgia"
"1450","90","1295","95","155","72","1400000US13089022403","Census Tract 224.03, DeKalb County, Georgia"
"2662","171","1648","158","1014","189","1400000US13089022500","Census Tract 225, DeKalb County, Georgia"
"2970","222","1611","209","1359","217","1400000US13089022600","Census Tract 226, DeKalb County, Georgia"
"1730","108","1378","105","352","119","1400000US13089022700","Census Tract 227, DeKalb County, Georgia"
"1308","87","1044","103","264","85","1400000US13089022800","Census Tract 228, DeKalb County, Georgia"
"1678","103","1350","117","328","101","1400000US13089022900","Census Tract 229, DeKalb County, Georgia"
"973","75","668","70","305","53","1400000US13089023000","Census Tract 230, DeKalb County, Georgia"
"1721","112","1031","115","690","136","1400000US13089023101","Census Tract 231.01, DeKalb County, Georgia"
"1539","89","683","88","856","113","1400000US13089023102","Census Tract 231.02, DeKalb County, Georgia"
"1661","152","1000","161","661","143","1400000US13089023107","Census Tract 231.07, DeKalb County, Georgia"
"1843","104","685","131","1158","143","1400000US13089023108","Census Tract 231.08, DeKalb County, Georgia"
"675","44","475","61","200","58","1400000US13089023111","Census Tract 231.11, DeKalb County, Georgia"
"2072","150","199","69","1873","166","1400000US13089023112","Census Tract 231.12, DeKalb County, Georgia"
"1273","108","454","72","819","112","1400000US13089023113","Census Tract 231.13, DeKalb County, Georgia"
"840","46","601","73","239","64","1400000US13089023114","Census Tract 231.14, DeKalb County, Georgia"
"0","13","0","13","0","13","1400000US13089023115","Census Tract 231.15, DeKalb County, Georgia"
"2249","217","1645","218","604","213","1400000US13089023204","Census Tract 232.04, DeKalb County, Georgia"
"2841","169","1752","215","1089","214","1400000US13089023206","Census Tract 232.06, DeKalb County, Georgia"
"2394","138","1033","174","1361","197","1400000US13089023208","Census Tract 232.08, DeKalb County, Georgia"
"1849","89","1455","127","394","98","1400000US13089023209","Census Tract 232.09, DeKalb County, Georgia"
"2694","142","920","150","1774","220","1400000US13089023210","Census Tract 232.10, DeKalb County, Georgia"
"1379","63","720","103","659","117","1400000US13089023211","Census Tract 232.11, DeKalb County, Georgia"
"1369","85","902","115","467","122","1400000US13089023212","Census Tract 232.12, DeKalb County, Georgia"
"2311","107","1077","160","1234","174","1400000US13089023213","Census Tract 232.13, DeKalb County, Georgia"
"2396","146","910","173","1486","202","1400000US13089023214","Census Tract 232.14, DeKalb County, Georgia"
"2650","126","1410","194","1240","192","1400000US13089023303","Census Tract 233.03, DeKalb County, Georgia"
"2502","108","2125","184","377","179","1400000US13089023306","Census Tract 233.06, DeKalb County, Georgia"
"3768","176","1703","210","2065","295","1400000US13089023309","Census Tract 233.09, DeKalb County, Georgia"
"4101","264","884","194","3217","264","1400000US13089023310","Census Tract 233.10, DeKalb County, Georgia"
"1546","49","1254","107","292","95","1400000US13089023311","Census Tract 233.11, DeKalb County, Georgia"
"3543","135","2573","275","970","297","1400000US13089023312","Census Tract 233.12, DeKalb County, Georgia"
"1647","89","1197","132","450","121","1400000US13089023313","Census Tract 233.13, DeKalb County, Georgia"
"2214","129","1425","202","789","199","1400000US13089023314","Census Tract 233.14, DeKalb County, Georgia"
"2014","107","1803","142","211","97","1400000US13089023315","Census Tract 233.15, DeKalb County, Georgia"
"2932","181","2167","226","765","222","1400000US13089023316","Census Tract 233.16, DeKalb County, Georgia"
"1701","132","422","93","1279","149","1400000US13089023410","Census Tract 234.10, DeKalb County, Georgia"
"1480","86","751","103","729","115","1400000US13089023411","Census Tract 234.11, DeKalb County, Georgia"
"2087","168","1668","163","419","170","1400000US13089023412","Census Tract 234.12, DeKalb County, Georgia"
"1327","92","1139","113","188","88","1400000US13089023413","Census Tract 234.13, DeKalb County, Georgia"
"2408","166","1818","198","590","206","1400000US13089023414","Census Tract 234.14, DeKalb County, Georgia"
"2452","164","1450","192","1002","199","1400000US13089023416","Census Tract 234.16, DeKalb County, Georgia"
"6723","421","3396","597","3327","635","1400000US13089023418","Census Tract 234.18, DeKalb County, Georgia"
"3524","128","2718","225","806","220","1400000US13089023419","Census Tract 234.19, DeKalb County, Georgia"
"3405","190","1548","271","1857","290","1400000US13089023421","Census Tract 234.21, DeKalb County, Georgia"
"1884","147","1271","164","613","125","1400000US13089023422","Census Tract 234.22, DeKalb County, Georgia"
"2693","253","1990","271","703","254","1400000US13089023423","Census Tract 234.23, DeKalb County, Georgia"
"1755","114","1368","164","387","150","1400000US13089023424","Census Tract 234.24, DeKalb County, Georgia"
"1977","152","1462","169","515","183","1400000US13089023425","Census Tract 234.25, DeKalb County, Georgia"
"1615","98","1347","136","268","114","1400000US13089023426","Census Tract 234.26, DeKalb County, Georgia"
"969","78","769","81","200","66","1400000US13089023427","Census Tract 234.27, DeKalb County, Georgia"
"3806","235","1121","198","2685","242","1400000US13089023428","Census Tract 234.28, DeKalb County, Georgia"
"1290","100","458","83","832","117","1400000US13089023501","Census Tract 235.01, DeKalb County, Georgia"
"1304","121","503","104","801","145","1400000US13089023504","Census Tract 235.04, DeKalb County, Georgia"
"1093","68","700","85","393","87","1400000US13089023505","Census Tract 235.05, DeKalb County, Georgia"
"2099","205","1511","187","588","202","1400000US13089023506","Census Tract 235.06, DeKalb County, Georgia"
"1522","103","982","139","540","144","1400000US13089023507","Census Tract 235.07, DeKalb County, Georgia"
"1171","69","806","96","365","95","1400000US13089023601","Census Tract 236.01, DeKalb County, Georgia"
"822","66","525","75","297","74","1400000US13089023602","Census Tract 236.02, DeKalb County, Georgia"
"1456","87","700","100","756","116","1400000US13089023603","Census Tract 236.03, DeKalb County, Georgia"
"2451","158","959","160","1492","210","1400000US13089023700","Census Tract 237, DeKalb County, Georgia"
"1749","114","1328","102","421","95","1400000US13089023801","Census Tract 238.01, DeKalb County, Georgia"
"1356","116","509","86","847","132","1400000US13089023802","Census Tract 238.02, DeKalb County, Georgia"
"2035","113","1353","139","682","133","1400000US13089023803","Census Tract 238.03, DeKalb County, Georgia"
"0","13","0","13","0","13","1400000US13089980000","Census Tract 9800, DeKalb County, Georgia"
"2084","130","1572","138","512","127","1400000US13121000100","Census Tract 1, Fulton County, Georgia"
"2696","163","1941","173","755","144","1400000US13121000200","Census Tract 2, Fulton County, Georgia"
"1019","93","663","89","356","77","1400000US13121000400","Census Tract 4, Fulton County, Georgia"
"2843","264","1491","249","1352","275","1400000US13121000500","Census Tract 5, Fulton County, Georgia"
"2994","192","589","165","2405","200","1400000US13121000600","Census Tract 6, Fulton County, Georgia"
"347","39","243","35","104","42","1400000US13121000700","Census Tract 7, Fulton County, Georgia"
"1020","89","443","77","577","87","1400000US13121001001","Census Tract 10.01, Fulton County, Georgia"
"516","41","12","9","504","43","1400000US13121001002","Census Tract 10.02, Fulton County, Georgia"
"3432","284","1569","190","1863","275","1400000US13121001100","Census Tract 11, Fulton County, Georgia"
"2888","101","717","187","2171","183","1400000US13121001201","Census Tract 12.01, Fulton County, Georgia"
"3412","259","1621","238","1791","259","1400000US13121001202","Census Tract 12.02, Fulton County, Georgia"
"2199","138","835","133","1364","157","1400000US13121001300","Census Tract 13, Fulton County, Georgia"
"1408","100","565","99","843","97","1400000US13121001400","Census Tract 14, Fulton County, Georgia"
"2405","173","879","148","1526","212","1400000US13121001500","Census Tract 15, Fulton County, Georgia"
"1294","127","412","67","882","114","1400000US13121001600","Census Tract 16, Fulton County, Georgia"
"2645","171","597","148","2048","171","1400000US13121001700","Census Tract 17, Fulton County, Georgia"
"3077","189","1085","196","1992","238","1400000US13121001800","Census Tract 18, Fulton County, Georgia"
"1400","144","541","109","859","163","1400000US13121001900","Census Tract 19, Fulton County, Georgia"
"885","104","378","85","507","105","1400000US13121002100","Census Tract 21, Fulton County, Georgia"
"525","92","118","44","407","94","1400000US13121002300","Census Tract 23, Fulton County, Georgia"
"986","102","400","75","586","102","1400000US13121002400","Census Tract 24, Fulton County, Georgia"
"1050","102","178","62","872","110","1400000US13121002500","Census Tract 25, Fulton County, Georgia"
"584","62","66","36","518","73","1400000US13121002600","Census Tract 26, Fulton County, Georgia"
"1453","122","160","58","1293","124","1400000US13121002800","Census Tract 28, Fulton County, Georgia"
"1248","125","422","100","826","123","1400000US13121002900","Census Tract 29, Fulton County, Georgia"
"1837","119","988","123","849","123","1400000US13121003000","Census Tract 30, Fulton County, Georgia"
"931","85","381","78","550","102","1400000US13121003100","Census Tract 31, Fulton County, Georgia"
"1277","83","866","96","411","78","1400000US13121003200","Census Tract 32, Fulton County, Georgia"
"714","83","246","56","468","89","1400000US13121003500","Census Tract 35, Fulton County, Georgia"
"858","64","285","85","573","106","1400000US13121003600","Census Tract 36, Fulton County, Georgia"
"164","52","0","13","164","52","1400000US13121003700","Census Tract 37, Fulton County, Georgia"
"230","61","12","12","218","60","1400000US13121003800","Census Tract 38, Fulton County, Georgia"
"756","101","241","68","515","96","1400000US13121003900","Census Tract 39, Fulton County, Georgia"
"1010","92","405","72","605","102","1400000US13121004000","Census Tract 40, Fulton County, Georgia"
"741","83","412","84","329","82","1400000US13121004100","Census Tract 41, Fulton County, Georgia"
"1456","104","332","94","1124","118","1400000US13121004200","Census Tract 42, Fulton County, Georgia"
"606","49","198","65","408","77","1400000US13121004300","Census Tract 43, Fulton County, Georgia"
"1304","117","39","43","1265","121","1400000US13121004400","Census Tract 44, Fulton County, Georgia"
"563","71","5","7","558","72","1400000US13121004800","Census Tract 48, Fulton County, Georgia"
"1108","133","730","105","378","122","1400000US13121004900","Census Tract 49, Fulton County, Georgia"
"1414","149","589","113","825","137","1400000US13121005000","Census Tract 50, Fulton County, Georgia"
"2108","119","1467","201","641","193","1400000US13121005200","Census Tract 52, Fulton County, Georgia"
"1675","117","1198","128","477","129","1400000US13121005300","Census Tract 53, Fulton County, Georgia"
"978","92","355","53","623","101","1400000US13121005501","Census Tract 55.01, Fulton County, Georgia"
"1235","114","260","69","975","131","1400000US13121005502","Census Tract 55.02, Fulton County, Georgia"
"657","77","101","39","556","77","1400000US13121005700","Census Tract 57, Fulton County, Georgia"
"576","61","307","62","269","71","1400000US13121005800","Census Tract 58, Fulton County, Georgia"
"1509","121","598","99","911","138","1400000US13121006000","Census Tract 60, Fulton County, Georgia"
"1345","129","644","140","701","135","1400000US13121006100","Census Tract 61, Fulton County, Georgia"
"522","66","198","43","324","73","1400000US13121006200","Census Tract 62, Fulton County, Georgia"
"703","78","204","59","499","80","1400000US13121006300","Census Tract 63, Fulton County, Georgia"
"384","45","119","49","265","58","1400000US13121006400","Census Tract 64, Fulton County, Georgia"
"1449","117","777","151","672","152","1400000US13121006500","Census Tract 65, Fulton County, Georgia"
"699","87","415","75","284","80","1400000US13121006601","Census Tract 66.01, Fulton County, Georgia"
"465","60","140","35","325","60","1400000US13121006602","Census Tract 66.02, Fulton County, Georgia"
"1644","141","562","129","1082","166","1400000US13121006700","Census Tract 67, Fulton County, Georgia"
"0","13","0","13","0","13","1400000US13121006801","Census Tract 68.01, Fulton County, Georgia"
"533","52","97","45","436","61","1400000US13121006802","Census Tract 68.02, Fulton County, Georgia"
"1384","123","774","106","610","134","1400000US13121006900","Census Tract 69, Fulton County, Georgia"
"1439","128","556","115","883","149","1400000US13121007001","Census Tract 70.01, Fulton County, Georgia"
"969","140","430","101","539","136","1400000US13121007002","Census Tract 70.02, Fulton County, Georgia"
"891","81","326","75","565","94","1400000US13121007100","Census Tract 71, Fulton County, Georgia"
"690","85","265","70","425","93","1400000US13121007200","Census Tract 72, Fulton County, Georgia"
"2891","200","810","133","2081","227","1400000US13121007300","Census Tract 73, Fulton County, Georgia"
"1246","118","172","82","1074","126","1400000US13121007400","Census Tract 74, Fulton County, Georgia"
"1548","140","520","110","1028","159","1400000US13121007500","Census Tract 75, Fulton County, Georgia"
"1026","65","493","78","533","91","1400000US13121007602","Census Tract 76.02, Fulton County, Georgia"
"2214","213","139","81","2075","183","1400000US13121007603","Census Tract 76.03, Fulton County, Georgia"
"1034","101","147","50","887","113","1400000US13121007604","Census Tract 76.04, Fulton County, Georgia"
"1601","122","945","136","656","151","1400000US13121007703","Census Tract 77.03, Fulton County, Georgia"
"2058","160","876","141","1182","203","1400000US13121007704","Census Tract 77.04, Fulton County, Georgia"
"1772","170","400","119","1372","181","1400000US13121007705","Census Tract 77.05, Fulton County, Georgia"
"4343","370","1265","296","3078","478","1400000US13121007706","Census Tract 77.06, Fulton County, Georgia"
"3759","219","2126","242","1633","257","1400000US13121007802","Census Tract 78.02, Fulton County, Georgia"
"1317","102","356","92","961","129","1400000US13121007805","Census Tract 78.05, Fulton County, Georgia"
"2412","161","1232","200","1180","223","1400000US13121007806","Census Tract 78.06, Fulton County, Georgia"
"1049","137","373","113","676","144","1400000US13121007807","Census Tract 78.07, Fulton County, Georgia"
"1431","131","157","81","1274","141","1400000US13121007808","Census Tract 78.08, Fulton County, Georgia"
"2364","163","1682","231","682","199","1400000US13121007900","Census Tract 79, Fulton County, Georgia"
"1941","155","1178","148","763","179","1400000US13121008000","Census Tract 80, Fulton County, Georgia"
"502","36","330","58","172","69","1400000US13121008101","Census Tract 81.01, Fulton County, Georgia"
"2842","255","669","138","2173","266","1400000US13121008102","Census Tract 81.02, Fulton County, Georgia"
"2591","282","1065","184","1526","267","1400000US13121008201","Census Tract 82.01, Fulton County, Georgia"
"768","88","368","80","400","87","1400000US13121008202","Census Tract 82.02, Fulton County, Georgia"
"883","131","368","109","515","133","1400000US13121008301","Census Tract 83.01, Fulton County, Georgia"
"784","79","356","79","428","85","1400000US13121008302","Census Tract 83.02, Fulton County, Georgia"
"1187","195","354","127","833","177","1400000US13121008400","Census Tract 84, Fulton County, Georgia"
"981","138","379","102","602","142","1400000US13121008500","Census Tract 85, Fulton County, Georgia"
"1712","150","412","99","1300","164","1400000US13121008601","Census Tract 86.01, Fulton County, Georgia"
"602","51","151","42","451","65","1400000US13121008602","Census Tract 86.02, Fulton County, Georgia"
"2562","162","639","147","1923","208","1400000US13121008700","Census Tract 87, Fulton County, Georgia"
"1961","210","1280","253","681","169","1400000US13121008800","Census Tract 88, Fulton County, Georgia"
"4392","281","1437","219","2955","292","1400000US13121008902","Census Tract 89.02, Fulton County, Georgia"
"876","91","364","73","512","100","1400000US13121008903","Census Tract 89.03, Fulton County, Georgia"
"2577","176","1638","182","939","197","1400000US13121008904","Census Tract 89.04, Fulton County, Georgia"
"2249","124","1076","118","1173","131","1400000US13121009000","Census Tract 90, Fulton County, Georgia"
"3463","226","1483","210","1980","256","1400000US13121009101","Census Tract 91.01, Fulton County, Georgia"
"1904","197","752","182","1152","217","1400000US13121009102","Census Tract 91.02, Fulton County, Georgia"
"3820","217","1011","161","2809","252","1400000US13121009200","Census Tract 92, Fulton County, Georgia"
"2517","130","1503","180","1014","181","1400000US13121009300","Census Tract 93, Fulton County, Georgia"
"2884","167","379","103","2505","171","1400000US13121009402","Census Tract 94.02, Fulton County, Georgia"
"3032","157","763","171","2269","184","1400000US13121009403","Census Tract 94.03, Fulton County, Georgia"
"2383","142","1440","188","943","181","1400000US13121009404","Census Tract 94.04, Fulton County, Georgia"
"1733","156","1423","134","310","96","1400000US13121009501","Census Tract 95.01, Fulton County, Georgia"
"2254","246","1007","227","1247","293","1400000US13121009502","Census Tract 95.02, Fulton County, Georgia"
"1407","103","464","92","943","123","1400000US13121009601","Census Tract 96.01, Fulton County, Georgia"
"3112","207","1506","215","1606","221","1400000US13121009602","Census Tract 96.02, Fulton County, Georgia"
"3071","198","1279","227","1792","260","1400000US13121009603","Census Tract 96.03, Fulton County, Georgia"
"1422","120","1276","121","146","66","1400000US13121009700","Census Tract 97, Fulton County, Georgia"
"2106","187","1382","117","724","160","1400000US13121009801","Census Tract 98.01, Fulton County, Georgia"
"1835","145","1108","93","727","124","1400000US13121009802","Census Tract 98.02, Fulton County, Georgia"
"2130","155","1509","167","621","151","1400000US13121009900","Census Tract 99, Fulton County, Georgia"
"2487","251","1709","209","778","234","1400000US13121010001","Census Tract 100.01, Fulton County, Georgia"
"4013","217","2325","217","1688","259","1400000US13121010002","Census Tract 100.02, Fulton County, Georgia"
"1958","157","949","137","1009","153","1400000US13121010106","Census Tract 101.06, Fulton County, Georgia"
"742","38","721","43","21","25","1400000US13121010107","Census Tract 101.07, Fulton County, Georgia"
"1620","85","1217","79","403","85","1400000US13121010108","Census Tract 101.08, Fulton County, Georgia"
"3909","234","1625","210","2284","271","1400000US13121010110","Census Tract 101.10, Fulton County, Georgia"
"2894","257","528","158","2366","284","1400000US13121010113","Census Tract 101.13, Fulton County, Georgia"
"3137","192","1435","177","1702","239","1400000US13121010114","Census Tract 101.14, Fulton County, Georgia"
"1205","53","683","97","522","89","1400000US13121010115","Census Tract 101.15, Fulton County, Georgia"
"1962","101","293","77","1669","112","1400000US13121010117","Census Tract 101.17, Fulton County, Georgia"
"2164","178","563","157","1601","205","1400000US13121010118","Census Tract 101.18, Fulton County, Georgia"
"2408","184","623","150","1785","213","1400000US13121010119","Census Tract 101.19, Fulton County, Georgia"
"1122","88","388","86","734","98","1400000US13121010120","Census Tract 101.20, Fulton County, Georgia"
"1183","81","812","90","371","90","1400000US13121010121","Census Tract 101.21, Fulton County, Georgia"
"3060","217","860","165","2200","187","1400000US13121010122","Census Tract 101.22, Fulton County, Georgia"
"2297","133","1229","175","1068","170","1400000US13121010123","Census Tract 101.23, Fulton County, Georgia"
"1872","99","1813","95","59","41","1400000US13121010204","Census Tract 102.04, Fulton County, Georgia"
"2652","168","2052","208","600","188","1400000US13121010205","Census Tract 102.05, Fulton County, Georgia"
"2271","143","2160","159","111","61","1400000US13121010206","Census Tract 102.06, Fulton County, Georgia"
"2043","189","538","118","1505","203","1400000US13121010208","Census Tract 102.08, Fulton County, Georgia"
"2842","216","732","154","2110","221","1400000US13121010209","Census Tract 102.09, Fulton County, Georgia"
"2801","154","1701","187","1100","202","1400000US13121010210","Census Tract 102.10, Fulton County, Georgia"
"1119","101","864","95","255","91","1400000US13121010211","Census Tract 102.11, Fulton County, Georgia"
"1960","129","894","101","1066","138","1400000US13121010212","Census Tract 102.12, Fulton County, Georgia"
"6495","358","4416","537","2079","610","1400000US13121010301","Census Tract 103.01, Fulton County, Georgia"
"4104","259","2886","291","1218","284","1400000US13121010303","Census Tract 103.03, Fulton County, Georgia"
"5166","344","4484","429","682","276","1400000US13121010304","Census Tract 103.04, Fulton County, Georgia"
"3220","301","2224","287","996","212","1400000US13121010400","Census Tract 104, Fulton County, Georgia"
"2416","222","1207","193","1209","223","1400000US13121010507","Census Tract 105.07, Fulton County, Georgia"
"1160","124","954","120","206","101","1400000US13121010508","Census Tract 105.08, Fulton County, Georgia"
"6420","597","3168","589","3252","664","1400000US13121010510","Census Tract 105.10, Fulton County, Georgia"
"2830","260","1881","225","949","262","1400000US13121010511","Census Tract 105.11, Fulton County, Georgia"
"2356","303","513","163","1843","287","1400000US13121010512","Census Tract 105.12, Fulton County, Georgia"
"4846","464","2215","454","2631","465","1400000US13121010513","Census Tract 105.13, Fulton County, Georgia"
"4473","494","2462","452","2011","461","1400000US13121010514","Census Tract 105.14, Fulton County, Georgia"
"2057","193","1385","293","672","230","1400000US13121010515","Census Tract 105.15, Fulton County, Georgia"
"2624","231","1754","262","870","257","1400000US13121010516","Census Tract 105.16, Fulton County, Georgia"
"1581","169","610","135","971","133","1400000US13121010601","Census Tract 106.01, Fulton County, Georgia"
"1517","181","268","73","1249","183","1400000US13121010603","Census Tract 106.03, Fulton County, Georgia"
"1301","174","440","114","861","169","1400000US13121010604","Census Tract 106.04, Fulton County, Georgia"
"2780","510","985","315","1795","371","1400000US13121010800","Census Tract 108, Fulton County, Georgia"
"969","129","346","89","623","127","1400000US13121011000","Census Tract 110, Fulton County, Georgia"
"1148","113","667","110","481","102","1400000US13121011100","Census Tract 111, Fulton County, Georgia"
"1459","144","509","105","950","153","1400000US13121011201","Census Tract 112.01, Fulton County, Georgia"
"1583","140","584","121","999","147","1400000US13121011202","Census Tract 112.02, Fulton County, Georgia"
"1636","156","1321","153","315","119","1400000US13121011301","Census Tract 113.01, Fulton County, Georgia"
"4018","227","1326","205","2692","254","1400000US13121011303","Census Tract 113.03, Fulton County, Georgia"
"2310","159","397","74","1913","166","1400000US13121011305","Census Tract 113.05, Fulton County, Georgia"
"998","95","327","62","671","97","1400000US13121011306","Census Tract 113.06, Fulton County, Georgia"
"2896","209","1501","157","1395","194","1400000US13121011405","Census Tract 114.05, Fulton County, Georgia"
"2572","165","1987","179","585","187","1400000US13121011410","Census Tract 114.10, Fulton County, Georgia"
"3052","153","2472","194","580","164","1400000US13121011411","Census Tract 114.11, Fulton County, Georgia"
"3686","181","2312","206","1374","219","1400000US13121011412","Census Tract 114.12, Fulton County, Georgia"
"2870","194","1487","218","1383","229","1400000US13121011414","Census Tract 114.14, Fulton County, Georgia"
"2017","78","1834","133","183","101","1400000US13121011416","Census Tract 114.16, Fulton County, Georgia"
"2283","96","1671","152","612","136","1400000US13121011417","Census Tract 114.17, Fulton County, Georgia"
"2105","133","1944","158","161","85","1400000US13121011418","Census Tract 114.18, Fulton County, Georgia"
"2427","133","2081","165","346","139","1400000US13121011419","Census Tract 114.19, Fulton County, Georgia"
"2319","135","414","175","1905","209","1400000US13121011420","Census Tract 114.20, Fulton County, Georgia"
"1616","91","412","80","1204","99","1400000US13121011421","Census Tract 114.21, Fulton County, Georgia"
"1602","91","1055","137","547","136","1400000US13121011422","Census Tract 114.22, Fulton County, Georgia"
"1734","120","1447","92","287","82","1400000US13121011423","Census Tract 114.23, Fulton County, Georgia"
"2078","129","1688","133","390","146","1400000US13121011424","Census Tract 114.24, Fulton County, Georgia"
"2331","102","1832","123","499","117","1400000US13121011425","Census Tract 114.25, Fulton County, Georgia"
"771","40","655","61","116","58","1400000US13121011426","Census Tract 114.26, Fulton County, Georgia"
"2904","151","2618","170","286","126","1400000US13121011427","Census Tract 114.27, Fulton County, Georgia"
"3596","138","3382","181","214","126","1400000US13121011503","Census Tract 115.03, Fulton County, Georgia"
"4346","235","4311","246","35","55","1400000US13121011504","Census Tract 115.04, Fulton County, Georgia"
"1294","82","1208","77","86","59","1400000US13121011505","Census Tract 115.05, Fulton County, Georgia"
"2052","114","1890","133","162","96","1400000US13121011506","Census Tract 115.06, Fulton County, Georgia"
"2069","118","1594","117","475","97","1400000US13121011610","Census Tract 116.10, Fulton County, Georgia"
"3433","217","1349","217","2084","266","1400000US13121011611","Census Tract 116.11, Fulton County, Georgia"
"1233","57","1161","75","72","54","1400000US13121011612","Census Tract 116.12, Fulton County, Georgia"
"2339","136","1604","177","735","186","1400000US13121011613","Census Tract 116.13, Fulton County, Georgia"
"6233","365","3182","439","3051","491","1400000US13121011614","Census Tract 116.14, Fulton County, Georgia"
"3631","181","3357","171","274","132","1400000US13121011615","Census Tract 116.15, Fulton County, Georgia"
"2862","232","1086","227","1776","263","1400000US13121011616","Census Tract 116.16, Fulton County, Georgia"
"2806","170","2281","176","525","131","1400000US13121011617","Census Tract 116.17, Fulton County, Georgia"
"1602","107","1147","99","455","93","1400000US13121011618","Census Tract 116.18, Fulton County, Georgia"
"3077","235","1218","171","1859","244","1400000US13121011619","Census Tract 116.19, Fulton County, Georgia"
"3387","134","2934","161","453","115","1400000US13121011620","Census Tract 116.20, Fulton County, Georgia"
"2436","164","1709","152","727","160","1400000US13121011621","Census Tract 116.21, Fulton County, Georgia"
"3379","191","2846","197","533","151","1400000US13121011622","Census Tract 116.22, Fulton County, Georgia"
"4370","175","2931","297","1439","305","1400000US13121011623","Census Tract 116.23, Fulton County, Georgia"
"1205","57","1205","57","0","13","1400000US13121011624","Census Tract 116.24, Fulton County, Georgia"
"2610","141","1796","142","814","143","1400000US13121011625","Census Tract 116.25, Fulton County, Georgia"
"3184","170","1915","151","1269","207","1400000US13121011626","Census Tract 116.26, Fulton County, Georgia"
"923","91","136","56","787","115","1400000US13121011800","Census Tract 118, Fulton County, Georgia"
"1835","172","352","92","1483","177","1400000US13121011900","Census Tract 119, Fulton County, Georgia"
"1383","115","293","86","1090","142","1400000US13121012000","Census Tract 120, Fulton County, Georgia"
"1058","156","467","114","591","150","1400000US13121012300","Census Tract 123, Fulton County, Georgia"
"0","13","0","13","0","13","1400000US13121980000","Census Tract 9800, Fulton County, Georgia"
"3676","188","2703","211","973","202","1400000US13135050103","Census Tract 501.03, Gwinnett County, Georgia"
"1545","167","800","143","745","139","1400000US13135050105","Census Tract 501.05, Gwinnett County, Georgia"
"3818","228","2504","216","1314","214","1400000US13135050106","Census Tract 501.06, Gwinnett County, Georgia"
"2474","180","2292","201","182","93","1400000US13135050107","Census Tract 501.07, Gwinnett County, Georgia"
"3152","176","2900","209","252","124","1400000US13135050108","Census Tract 501.08, Gwinnett County, Georgia"
"2525","151","1685","218","840","206","1400000US13135050109","Census Tract 501.09, Gwinnett County, Georgia"
"1698","119","799","116","899","133","1400000US13135050205","Census Tract 502.05, Gwinnett County, Georgia"
"2903","139","1486","212","1417","198","1400000US13135050208","Census Tract 502.08, Gwinnett County, Georgia"
"3310","153","1633","213","1677","235","1400000US13135050209","Census Tract 502.09, Gwinnett County, Georgia"
"3244","247","1618","230","1626","228","1400000US13135050210","Census Tract 502.10, Gwinnett County, Georgia"
"1989","108","403","98","1586","122","1400000US13135050211","Census Tract 502.11, Gwinnett County, Georgia"
"4119","184","4009","196","110","89","1400000US13135050212","Census Tract 502.12, Gwinnett County, Georgia"
"3893","207","3559","240","334","121","1400000US13135050213","Census Tract 502.13, Gwinnett County, Georgia"
"3240","181","2664","238","576","174","1400000US13135050214","Census Tract 502.14, Gwinnett County, Georgia"
"1149","68","270","56","879","80","1400000US13135050215","Census Tract 502.15, Gwinnett County, Georgia"
"3330","249","2327","207","1003","252","1400000US13135050216","Census Tract 502.16, Gwinnett County, Georgia"
"3519","260","2259","251","1260","223","1400000US13135050217","Census Tract 502.17, Gwinnett County, Georgia"
"1314","62","896","106","418","99","1400000US13135050218","Census Tract 502.18, Gwinnett County, Georgia"
"1435","94","971","104","464","91","1400000US13135050219","Census Tract 502.19, Gwinnett County, Georgia"
"2908","208","824","135","2084","205","1400000US13135050220","Census Tract 502.20, Gwinnett County, Georgia"
"2189","166","480","119","1709","180","1400000US13135050304","Census Tract 503.04, Gwinnett County, Georgia"
"1004","97","403","109","601","119","1400000US13135050306","Census Tract 503.06, Gwinnett County, Georgia"
"1294","76","1220","93","74","54","1400000US13135050308","Census Tract 503.08, Gwinnett County, Georgia"
"3576","157","2408","185","1168","199","1400000US13135050309","Census Tract 503.09, Gwinnett County, Georgia"
"2738","87","1700","193","1038","183","1400000US13135050310","Census Tract 503.10, Gwinnett County, Georgia"
"1080","97","891","101","189","60","1400000US13135050311","Census Tract 503.11, Gwinnett County, Georgia"
"2751","143","1536","193","1215","220","1400000US13135050313","Census Tract 503.13, Gwinnett County, Georgia"
"3477","157","1333","253","2144","276","1400000US13135050314","Census Tract 503.14, Gwinnett County, Georgia"
"2436","109","668","102","1768","127","1400000US13135050315","Census Tract 503.15, Gwinnett County, Georgia"
"1860","111","121","50","1739","116","1400000US13135050317","Census Tract 503.17, Gwinnett County, Georgia"
"1189","82","236","75","953","109","1400000US13135050318","Census Tract 503.18, Gwinnett County, Georgia"
"1924","115","804","144","1120","163","1400000US13135050319","Census Tract 503.19, Gwinnett County, Georgia"
"1660","118","542","95","1118","120","1400000US13135050320","Census Tract 503.20, Gwinnett County, Georgia"
"1638","85","1567","82","71","28","1400000US13135050321","Census Tract 503.21, Gwinnett County, Georgia"
"1610","77","1539","94","71","54","1400000US13135050322","Census Tract 503.22, Gwinnett County, Georgia"
"1750","137","837","133","913","170","1400000US13135050410","Census Tract 504.10, Gwinnett County, Georgia"
"1465","75","1288","92","177","71","1400000US13135050415","Census Tract 504.15, Gwinnett County, Georgia"
"1178","74","682","128","496","124","1400000US13135050416","Census Tract 504.16, Gwinnett County, Georgia"
"1970","100","461","109","1509","128","1400000US13135050417","Census Tract 504.17, Gwinnett County, Georgia"
"2607","154","616","148","1991","193","1400000US13135050418","Census Tract 504.18, Gwinnett County, Georgia"
"2305","169","1243","158","1062","202","1400000US13135050419","Census Tract 504.19, Gwinnett County, Georgia"
"2599","125","848","162","1751","195","1400000US13135050421","Census Tract 504.21, Gwinnett County, Georgia"
"2362","130","591","131","1771","154","1400000US13135050422","Census Tract 504.22, Gwinnett County, Georgia"
"2254","169","1173","190","1081","224","1400000US13135050423","Census Tract 504.23, Gwinnett County, Georgia"
"2471","115","866","168","1605","185","1400000US13135050424","Census Tract 504.24, Gwinnett County, Georgia"
"1810","85","1679","119","131","80","1400000US13135050425","Census Tract 504.25, Gwinnett County, Georgia"
"2311","100","2119","149","192","116","1400000US13135050426","Census Tract 504.26, Gwinnett County, Georgia"
"1982","62","1669","125","313","108","1400000US13135050427","Census Tract 504.27, Gwinnett County, Georgia"
"1953","71","1787","94","166","76","1400000US13135050428","Census Tract 504.28, Gwinnett County, Georgia"
"2290","97","2056","143","234","109","1400000US13135050429","Census Tract 504.29, Gwinnett County, Georgia"
"2011","103","1348","119","663","149","1400000US13135050430","Census Tract 504.30, Gwinnett County, Georgia"
"2997","150","1144","219","1853","251","1400000US13135050431","Census Tract 504.31, Gwinnett County, Georgia"
"1937","76","1413","107","524","107","1400000US13135050432","Census Tract 504.32, Gwinnett County, Georgia"
"943","68","307","52","636","72","1400000US13135050433","Census Tract 504.33, Gwinnett County, Georgia"
"2635","147","655","176","1980","197","1400000US13135050434","Census Tract 504.34, Gwinnett County, Georgia"
"1106","86","560","85","546","110","1400000US13135050435","Census Tract 504.35, Gwinnett County, Georgia"
"2721","109","1267","208","1454","242","1400000US13135050436","Census Tract 504.36, Gwinnett County, Georgia"
"4067","163","2192","217","1875","274","1400000US13135050511","Census Tract 505.11, Gwinnett County, Georgia"
"1988","147","651","98","1337","157","1400000US13135050520","Census Tract 505.20, Gwinnett County, Georgia"
"1997","131","1111","153","886","158","1400000US13135050521","Census Tract 505.21, Gwinnett County, Georgia"
"1784","122","768","148","1016","151","1400000US13135050522","Census Tract 505.22, Gwinnett County, Georgia"
"2845","185","948","221","1897","267","1400000US13135050523","Census Tract 505.23, Gwinnett County, Georgia"
"1983","120","950","163","1033","177","1400000US13135050524","Census Tract 505.24, Gwinnett County, Georgia"
"2741","91","2415","167","326","154","1400000US13135050525","Census Tract 505.25, Gwinnett County, Georgia"
"1734","118","658","118","1076","136","1400000US13135050526","Census Tract 505.26, Gwinnett County, Georgia"
"1914","73","1711","102","203","74","1400000US13135050527","Census Tract 505.27, Gwinnett County, Georgia"
"1585","80","1486","99","99","60","1400000US13135050528","Census Tract 505.28, Gwinnett County, Georgia"
"1450","56","968","110","482","102","1400000US13135050529","Census Tract 505.29, Gwinnett County, Georgia"
"1960","57","1700","98","260","101","1400000US13135050530","Census Tract 505.30, Gwinnett County, Georgia"
"2531","83","1726","194","805","199","1400000US13135050531","Census Tract 505.31, Gwinnett County, Georgia"
"2713","161","1987","185","726","191","1400000US13135050532","Census Tract 505.32, Gwinnett County, Georgia"
"2456","145","1648","255","808","265","1400000US13135050533","Census Tract 505.33, Gwinnett County, Georgia"
"2678","94","1489","192","1189","174","1400000US13135050534","Census Tract 505.34, Gwinnett County, Georgia"
"2299","116","1978","165","321","145","1400000US13135050535","Census Tract 505.35, Gwinnett County, Georgia"
"1731","105","1125","106","606","133","1400000US13135050536","Census Tract 505.36, Gwinnett County, Georgia"
"1671","93","152","72","1519","117","1400000US13135050537","Census Tract 505.37, Gwinnett County, Georgia"
"2304","130","1917","187","387","146","1400000US13135050538","Census Tract 505.38, Gwinnett County, Georgia"
"1846","85","832","128","1014","143","1400000US13135050539","Census Tract 505.39, Gwinnett County, Georgia"
"2607","148","1040","160","1567","213","1400000US13135050540","Census Tract 505.40, Gwinnett County, Georgia"
"1797","145","22","24","1775","144","1400000US13135050541","Census Tract 505.41, Gwinnett County, Georgia"
"2300","117","211","86","2089","122","1400000US13135050542","Census Tract 505.42, Gwinnett County, Georgia"
"2428","88","1968","159","460","147","1400000US13135050543","Census Tract 505.43, Gwinnett County, Georgia"
"3803","180","3227","239","576","182","1400000US13135050544","Census Tract 505.44, Gwinnett County, Georgia"
"4475","218","3066","371","1409","376","1400000US13135050545","Census Tract 505.45, Gwinnett County, Georgia"
"5529","221","4643","384","886","358","1400000US13135050546","Census Tract 505.46, Gwinnett County, Georgia"
"2721","113","2115","192","606","205","1400000US13135050547","Census Tract 505.47, Gwinnett County, Georgia"
"3032","136","2744","179","288","128","1400000US13135050548","Census Tract 505.48, Gwinnett County, Georgia"
"1650","69","1377","130","273","103","1400000US13135050549","Census Tract 505.49, Gwinnett County, Georgia"
"4753","193","3731","269","1022","252","1400000US13135050605","Census Tract 506.05, Gwinnett County, Georgia"
"7559","366","5438","427","2121","493","1400000US13135050606","Census Tract 506.06, Gwinnett County, Georgia"
"5338","298","4318","388","1020","311","1400000US13135050607","Census Tract 506.07, Gwinnett County, Georgia"
"6020","389","4964","436","1056","313","1400000US13135050608","Census Tract 506.08, Gwinnett County, Georgia"
"4311","308","3711","328","600","245","1400000US13135050609","Census Tract 506.09, Gwinnett County, Georgia"
"5074","256","4438","313","636","248","1400000US13135050610","Census Tract 506.10, Gwinnett County, Georgia"
"4456","177","3413","243","1043","199","1400000US13135050709","Census Tract 507.09, Gwinnett County, Georgia"
"2467","115","2151","153","316","136","1400000US13135050712","Census Tract 507.12, Gwinnett County, Georgia"
"2370","77","2137","132","233","114","1400000US13135050713","Census Tract 507.13, Gwinnett County, Georgia"
"2064","84","1625","102","439","100","1400000US13135050714","Census Tract 507.14, Gwinnett County, Georgia"
"1749","53","1475","108","274","104","1400000US13135050715","Census Tract 507.15, Gwinnett County, Georgia"
"2681","153","2284","219","397","136","1400000US13135050718","Census Tract 507.18, Gwinnett County, Georgia"
"1900","139","993","154","907","170","1400000US13135050719","Census Tract 507.19, Gwinnett County, Georgia"
"2329","167","1991","183","338","141","1400000US13135050720","Census Tract 507.20, Gwinnett County, Georgia"
"2716","238","2159","258","557","192","1400000US13135050721","Census Tract 507.21, Gwinnett County, Georgia"
"1095","50","909","91","186","81","1400000US13135050722","Census Tract 507.22, Gwinnett County, Georgia"
"2559","148","2238","219","321","154","1400000US13135050723","Census Tract 507.23, Gwinnett County, Georgia"
"6068","379","4767","471","1301","374","1400000US13135050724","Census Tract 507.24, Gwinnett County, Georgia"
"1915","76","1486","124","429","121","1400000US13135050725","Census Tract 507.25, Gwinnett County, Georgia"
"3169","105","2773","207","396","180","1400000US13135050726","Census Tract 507.26, Gwinnett County, Georgia"
"3381","229","3112","248","269","139","1400000US13135050727","Census Tract 507.27, Gwinnett County, Georgia"
"4682","363","3849","503","833","369","1400000US13135050728","Census Tract 507.28, Gwinnett County, Georgia"
"1209","73","632","99","577","106","1400000US13135050729","Census Tract 507.29, Gwinnett County, Georgia"
"2245","160","1515","234","730","208","1400000US13135050730","Census Tract 507.30, Gwinnett County, Georgia"
"3277","265","2785","313","492","203","1400000US13135050731","Census Tract 507.31, Gwinnett County, Georgia"
